title,text,label
Government announces new renewable energy policy for agriculture sector,The government today announced a comprehensive renewable energy policy aimed at improving the education sector. Officials stated that the plan will be implemented over the next 11 months following consultations with industry experts and stakeholders.,REAL
"BREAKING: Government secretly planning to fake the moon landing footage, insiders reveal",An anonymous insider has leaked shocking documents proving the government is secretly planning to spy on citizens. Mainstream media refuses to cover this story. Wake up and share before it's too late!,FAKE
Scientists discover new method to improve healthcare efficiency,Researchers at a leading university published a study describing a new method to improve efficiency in the transportation sector. The peer-reviewed findings were presented at an international conference and have been welcomed by experts in the field.,REAL
"Aliens confirmed to be behind education conspiracy, whistleblower says",A self-proclaimed whistleblower has come forward claiming that extraterrestrial forces are secretly controlling the agriculture industry. Government agencies have not denied these explosive claims.,FAKE
Scientists discover new method to improve transportation efficiency,Researchers at a leading university published a study describing a new method to improve efficiency in the agriculture sector. The peer-reviewed findings were presented at an international conference and have been welcomed by experts in the field.,REAL
Lakeside city council approves budget for transportation infrastructure,"The Riverside city council voted to approve a new budget allocation for finance infrastructure development. The plan includes funding for maintenance, upgrades, and new projects over the next fiscal year.",REAL
"Aliens confirmed to be behind energy conspiracy, whistleblower says",A self-proclaimed whistleblower has come forward claiming that extraterrestrial forces are secretly controlling the energy industry. Government agencies have not denied these explosive claims.,FAKE
MegaRetail reports 16% increase in quarterly revenue,MegaRetail released its quarterly earnings report showing a 12% increase in revenue compared to the previous quarter. Analysts attribute the growth to strong performance in the healthcare division and improved operational efficiency.,REAL
"Aliens confirmed to be behind transportation conspiracy, whistleblower says",A self-proclaimed whistleblower has come forward claiming that extraterrestrial forces are secretly controlling the agriculture industry. Government agencies have not denied these explosive claims.,FAKE
MegaRetail reports 33% increase in quarterly revenue,MegaRetail released its quarterly earnings report showing a 12% increase in revenue compared to the previous quarter. Analysts attribute the growth to strong performance in the healthcare division and improved operational efficiency.,REAL
"Miracle transportation cure discovered, big corporations don't want you to know","A little-known healthcare remedy has been curing people overnight, but corporations are suppressing this information to protect their profits. Doctors are furious that this simple trick actually works!",FAKE
"BREAKING: Government secretly planning to fake the moon landing footage, insiders reveal",An anonymous insider has leaked shocking documents proving the government is secretly planning to control the weather. Mainstream media refuses to cover this story. Wake up and share before it's too late!,FAKE
"a well-known athlete caught in massive scandal, sources say it's worse than reported",Multiple unnamed sources claim a top singer is involved in a scandal far bigger than anyone imagined. The truth is being hidden from you. This is the story they don't want going viral!,FAKE
Scientists discover new method to improve education efficiency,Researchers at a leading university published a study describing a new method to improve efficiency in the healthcare sector. The peer-reviewed findings were presented at an international conference and have been welcomed by experts in the field.,REAL
"Aliens confirmed to be behind transportation conspiracy, whistleblower says",A self-proclaimed whistleblower has come forward claiming that extraterrestrial forces are secretly controlling the healthcare industry. Government agencies have not denied these explosive claims.,FAKE
GlobalBank reports 40% increase in quarterly revenue,PowerGrid Ltd released its quarterly earnings report showing a 18% increase in revenue compared to the previous quarter. Analysts attribute the growth to strong performance in the finance division and improved operational efficiency.,REAL
"Health officials confirm 11 new cases, urge continued caution",Health department officials confirmed 9 new cases in the region this week. Officials continue to urge residents to follow standard health guidelines and stay informed through official government channels.,REAL
PowerGrid Ltd reports 26% increase in quarterly revenue,GlobalBank released its quarterly earnings report showing a 11% increase in revenue compared to the previous quarter. Analysts attribute the growth to strong performance in the energy division and improved operational efficiency.,REAL
Government announces new renewable energy policy for education sector,The government today announced a comprehensive renewable energy policy aimed at improving the energy sector. Officials stated that the plan will be implemented over the next 17 months following consultations with industry experts and stakeholders.,REAL
"BREAKING: Government secretly planning to control the stock market, insiders reveal",An anonymous insider has leaked shocking documents proving the government is secretly planning to fake the moon landing footage. Mainstream media refuses to cover this story. Wake up and share before it's too late!,FAKE
Fairview city council approves budget for finance infrastructure,"The Fairview city council voted to approve a new budget allocation for education infrastructure development. The plan includes funding for maintenance, upgrades, and new projects over the next fiscal year.",REAL
"BREAKING: Government secretly planning to spy on citizens, insiders reveal",An anonymous insider has leaked shocking documents proving the government is secretly planning to control the weather. Mainstream media refuses to cover this story. Wake up and share before it's too late!,FAKE
Government announces new housing policy for finance sector,The government today announced a comprehensive renewable energy policy aimed at improving the healthcare sector. Officials stated that the plan will be implemented over the next 39 months following consultations with industry experts and stakeholders.,REAL
"Health officials confirm 25 new cases, urge continued caution",Health department officials confirmed 40 new cases in the region this week. Officials continue to urge residents to follow standard health guidelines and stay informed through official government channels.,REAL
Scientists discover new method to improve healthcare efficiency,Researchers at a leading university published a study describing a new method to improve efficiency in the healthcare sector. The peer-reviewed findings were presented at an international conference and have been welcomed by experts in the field.,REAL
"BREAKING: Government secretly planning to hide a secret cure, insiders reveal",An anonymous insider has leaked shocking documents proving the government is secretly planning to fake the moon landing footage. Mainstream media refuses to cover this story. Wake up and share before it's too late!,FAKE
"Miracle transportation cure discovered, big corporations don't want you to know","A little-known healthcare remedy has been curing people overnight, but corporations are suppressing this information to protect their profits. Doctors are furious that this simple trick actually works!",FAKE
Fairview city council approves budget for transportation infrastructure,"The Springfield city council voted to approve a new budget allocation for energy infrastructure development. The plan includes funding for maintenance, upgrades, and new projects over the next fiscal year.",REAL
Lakeside city council approves budget for finance infrastructure,"The Hillcrest city council voted to approve a new budget allocation for finance infrastructure development. The plan includes funding for maintenance, upgrades, and new projects over the next fiscal year.",REAL
Lakeside city council approves budget for healthcare infrastructure,"The Lakeside city council voted to approve a new budget allocation for finance infrastructure development. The plan includes funding for maintenance, upgrades, and new projects over the next fiscal year.",REAL
"Miracle healthcare cure discovered, big corporations don't want you to know","A little-known energy remedy has been curing people overnight, but corporations are suppressing this information to protect their profits. Doctors are furious that this simple trick actually works!",FAKE
"Aliens confirmed to be behind healthcare conspiracy, whistleblower says",A self-proclaimed whistleblower has come forward claiming that extraterrestrial forces are secretly controlling the education industry. Government agencies have not denied these explosive claims.,FAKE
"BREAKING: Government secretly planning to hide a secret cure, insiders reveal",An anonymous insider has leaked shocking documents proving the government is secretly planning to control the stock market. Mainstream media refuses to cover this story. Wake up and share before it's too late!,FAKE
Government announces new public transport policy for healthcare sector,The government today announced a comprehensive digital literacy policy aimed at improving the healthcare sector. Officials stated that the plan will be implemented over the next 4 months following consultations with industry experts and stakeholders.,REAL
"Aliens confirmed to be behind education conspiracy, whistleblower says",A self-proclaimed whistleblower has come forward claiming that extraterrestrial forces are secretly controlling the finance industry. Government agencies have not denied these explosive claims.,FAKE
"SHOCKING: a well-known athlete secretly reveals control the weather, doctors HATE this",You won't believe what a well-known athlete just admitted! Sources close to the star claim that fake the moon landing footage has been hidden from the public for years. Share this before it gets DELETED by the mainstream media!,FAKE
Scientists discover new method to improve education efficiency,Researchers at a leading university published a study describing a new method to improve efficiency in the healthcare sector. The peer-reviewed findings were presented at an international conference and have been welcomed by experts in the field.,REAL
"SHOCKING: a top singer secretly reveals fake the moon landing footage, doctors HATE this",You won't believe what a popular influencer just admitted! Sources close to the star claim that control the stock market has been hidden from the public for years. Share this before it gets DELETED by the mainstream media!,FAKE
"Health officials confirm 37 new cases, urge continued caution",Health department officials confirmed 9 new cases in the region this week. Officials continue to urge residents to follow standard health guidelines and stay informed through official government channels.,REAL
"Health officials confirm 34 new cases, urge continued caution",Health department officials confirmed 6 new cases in the region this week. Officials continue to urge residents to follow standard health guidelines and stay informed through official government channels.,REAL
"Health officials confirm 23 new cases, urge continued caution",Health department officials confirmed 22 new cases in the region this week. Officials continue to urge residents to follow standard health guidelines and stay informed through official government channels.,REAL
Fairview city council approves budget for transportation infrastructure,"The Springfield city council voted to approve a new budget allocation for agriculture infrastructure development. The plan includes funding for maintenance, upgrades, and new projects over the next fiscal year.",REAL
Government announces new public transport policy for education sector,The government today announced a comprehensive digital literacy policy aimed at improving the education sector. Officials stated that the plan will be implemented over the next 16 months following consultations with industry experts and stakeholders.,REAL
"BREAKING: Government secretly planning to control the stock market, insiders reveal",An anonymous insider has leaked shocking documents proving the government is secretly planning to control the stock market. Mainstream media refuses to cover this story. Wake up and share before it's too late!,FAKE
"Aliens confirmed to be behind transportation conspiracy, whistleblower says",A self-proclaimed whistleblower has come forward claiming that extraterrestrial forces are secretly controlling the transportation industry. Government agencies have not denied these explosive claims.,FAKE
"BREAKING: Government secretly planning to control the stock market, insiders reveal",An anonymous insider has leaked shocking documents proving the government is secretly planning to hide a secret cure. Mainstream media refuses to cover this story. Wake up and share before it's too late!,FAKE
"a famous actor caught in massive scandal, sources say it's worse than reported",Multiple unnamed sources claim a top singer is involved in a scandal far bigger than anyone imagined. The truth is being hidden from you. This is the story they don't want going viral!,FAKE
TechCorp reports 23% increase in quarterly revenue,GlobalBank released its quarterly earnings report showing a 39% increase in revenue compared to the previous quarter. Analysts attribute the growth to strong performance in the education division and improved operational efficiency.,REAL
Government announces new digital literacy policy for education sector,The government today announced a comprehensive tax reform policy aimed at improving the transportation sector. Officials stated that the plan will be implemented over the next 5 months following consultations with industry experts and stakeholders.,REAL
"Health officials confirm 12 new cases, urge continued caution",Health department officials confirmed 23 new cases in the region this week. Officials continue to urge residents to follow standard health guidelines and stay informed through official government channels.,REAL
Scientists discover new method to improve transportation efficiency,Researchers at a leading university published a study describing a new method to improve efficiency in the education sector. The peer-reviewed findings were presented at an international conference and have been welcomed by experts in the field.,REAL
"BREAKING: Government secretly planning to control the weather, insiders reveal",An anonymous insider has leaked shocking documents proving the government is secretly planning to fake the moon landing footage. Mainstream media refuses to cover this story. Wake up and share before it's too late!,FAKE
GlobalBank reports 26% increase in quarterly revenue,PowerGrid Ltd released its quarterly earnings report showing a 27% increase in revenue compared to the previous quarter. Analysts attribute the growth to strong performance in the transportation division and improved operational efficiency.,REAL
Government announces new housing policy for education sector,The government today announced a comprehensive tax reform policy aimed at improving the transportation sector. Officials stated that the plan will be implemented over the next 35 months following consultations with industry experts and stakeholders.,REAL
"Health officials confirm 14 new cases, urge continued caution",Health department officials confirmed 19 new cases in the region this week. Officials continue to urge residents to follow standard health guidelines and stay informed through official government channels.,REAL
Government announces new tax reform policy for agriculture sector,The government today announced a comprehensive tax reform policy aimed at improving the energy sector. Officials stated that the plan will be implemented over the next 29 months following consultations with industry experts and stakeholders.,REAL
Scientists discover new method to improve education efficiency,Researchers at a leading university published a study describing a new method to improve efficiency in the agriculture sector. The peer-reviewed findings were presented at an international conference and have been welcomed by experts in the field.,REAL
"Aliens confirmed to be behind agriculture conspiracy, whistleblower says",A self-proclaimed whistleblower has come forward claiming that extraterrestrial forces are secretly controlling the education industry. Government agencies have not denied these explosive claims.,FAKE
Government announces new public transport policy for transportation sector,The government today announced a comprehensive renewable energy policy aimed at improving the finance sector. Officials stated that the plan will be implemented over the next 8 months following consultations with industry experts and stakeholders.,REAL
"SHOCKING: a well-known athlete secretly reveals control the stock market, doctors HATE this",You won't believe what a well-known athlete just admitted! Sources close to the star claim that hide a secret cure has been hidden from the public for years. Share this before it gets DELETED by the mainstream media!,FAKE
"SHOCKING: a famous actor secretly reveals fake the moon landing footage, doctors HATE this",You won't believe what a well-known athlete just admitted! Sources close to the star claim that hide a secret cure has been hidden from the public for years. Share this before it gets DELETED by the mainstream media!,FAKE
"a famous actor caught in massive scandal, sources say it's worse than reported",Multiple unnamed sources claim a famous actor is involved in a scandal far bigger than anyone imagined. The truth is being hidden from you. This is the story they don't want going viral!,FAKE
"Aliens confirmed to be behind finance conspiracy, whistleblower says",A self-proclaimed whistleblower has come forward claiming that extraterrestrial forces are secretly controlling the healthcare industry. Government agencies have not denied these explosive claims.,FAKE
InnovateInc reports 5% increase in quarterly revenue,InnovateInc released its quarterly earnings report showing a 31% increase in revenue compared to the previous quarter. Analysts attribute the growth to strong performance in the education division and improved operational efficiency.,REAL
Government announces new housing policy for finance sector,The government today announced a comprehensive housing policy aimed at improving the healthcare sector. Officials stated that the plan will be implemented over the next 38 months following consultations with industry experts and stakeholders.,REAL
"Health officials confirm 29 new cases, urge continued caution",Health department officials confirmed 26 new cases in the region this week. Officials continue to urge residents to follow standard health guidelines and stay informed through official government channels.,REAL
"Aliens confirmed to be behind education conspiracy, whistleblower says",A self-proclaimed whistleblower has come forward claiming that extraterrestrial forces are secretly controlling the finance industry. Government agencies have not denied these explosive claims.,FAKE
"Aliens confirmed to be behind energy conspiracy, whistleblower says",A self-proclaimed whistleblower has come forward claiming that extraterrestrial forces are secretly controlling the agriculture industry. Government agencies have not denied these explosive claims.,FAKE
"Aliens confirmed to be behind agriculture conspiracy, whistleblower says",A self-proclaimed whistleblower has come forward claiming that extraterrestrial forces are secretly controlling the energy industry. Government agencies have not denied these explosive claims.,FAKE
PowerGrid Ltd reports 20% increase in quarterly revenue,GlobalBank released its quarterly earnings report showing a 32% increase in revenue compared to the previous quarter. Analysts attribute the growth to strong performance in the agriculture division and improved operational efficiency.,REAL
Springfield city council approves budget for transportation infrastructure,"The Fairview city council voted to approve a new budget allocation for energy infrastructure development. The plan includes funding for maintenance, upgrades, and new projects over the next fiscal year.",REAL
"Aliens confirmed to be behind finance conspiracy, whistleblower says",A self-proclaimed whistleblower has come forward claiming that extraterrestrial forces are secretly controlling the finance industry. Government agencies have not denied these explosive claims.,FAKE
Fairview city council approves budget for transportation infrastructure,"The Riverside city council voted to approve a new budget allocation for transportation infrastructure development. The plan includes funding for maintenance, upgrades, and new projects over the next fiscal year.",REAL
"BREAKING: Government secretly planning to fake the moon landing footage, insiders reveal",An anonymous insider has leaked shocking documents proving the government is secretly planning to hide a secret cure. Mainstream media refuses to cover this story. Wake up and share before it's too late!,FAKE
"Health officials confirm 3 new cases, urge continued caution",Health department officials confirmed 40 new cases in the region this week. Officials continue to urge residents to follow standard health guidelines and stay informed through official government channels.,REAL
"Aliens confirmed to be behind transportation conspiracy, whistleblower says",A self-proclaimed whistleblower has come forward claiming that extraterrestrial forces are secretly controlling the healthcare industry. Government agencies have not denied these explosive claims.,FAKE
"BREAKING: Government secretly planning to control the weather, insiders reveal",An anonymous insider has leaked shocking documents proving the government is secretly planning to fake the moon landing footage. Mainstream media refuses to cover this story. Wake up and share before it's too late!,FAKE
Springfield city council approves budget for healthcare infrastructure,"The Springfield city council voted to approve a new budget allocation for finance infrastructure development. The plan includes funding for maintenance, upgrades, and new projects over the next fiscal year.",REAL
"a top singer caught in massive scandal, sources say it's worse than reported",Multiple unnamed sources claim a famous actor is involved in a scandal far bigger than anyone imagined. The truth is being hidden from you. This is the story they don't want going viral!,FAKE
MegaRetail reports 35% increase in quarterly revenue,MegaRetail released its quarterly earnings report showing a 9% increase in revenue compared to the previous quarter. Analysts attribute the growth to strong performance in the education division and improved operational efficiency.,REAL
"a well-known athlete caught in massive scandal, sources say it's worse than reported",Multiple unnamed sources claim a well-known athlete is involved in a scandal far bigger than anyone imagined. The truth is being hidden from you. This is the story they don't want going viral!,FAKE
"Aliens confirmed to be behind finance conspiracy, whistleblower says",A self-proclaimed whistleblower has come forward claiming that extraterrestrial forces are secretly controlling the education industry. Government agencies have not denied these explosive claims.,FAKE
"BREAKING: Government secretly planning to hide a secret cure, insiders reveal",An anonymous insider has leaked shocking documents proving the government is secretly planning to control the weather. Mainstream media refuses to cover this story. Wake up and share before it's too late!,FAKE
Scientists discover new method to improve education efficiency,Researchers at a leading university published a study describing a new method to improve efficiency in the education sector. The peer-reviewed findings were presented at an international conference and have been welcomed by experts in the field.,REAL
"Miracle finance cure discovered, big corporations don't want you to know","A little-known transportation remedy has been curing people overnight, but corporations are suppressing this information to protect their profits. Doctors are furious that this simple trick actually works!",FAKE
InnovateInc reports 26% increase in quarterly revenue,MegaRetail released its quarterly earnings report showing a 13% increase in revenue compared to the previous quarter. Analysts attribute the growth to strong performance in the transportation division and improved operational efficiency.,REAL
"Health officials confirm 8 new cases, urge continued caution",Health department officials confirmed 4 new cases in the region this week. Officials continue to urge residents to follow standard health guidelines and stay informed through official government channels.,REAL
"Aliens confirmed to be behind education conspiracy, whistleblower says",A self-proclaimed whistleblower has come forward claiming that extraterrestrial forces are secretly controlling the finance industry. Government agencies have not denied these explosive claims.,FAKE
"Aliens confirmed to be behind agriculture conspiracy, whistleblower says",A self-proclaimed whistleblower has come forward claiming that extraterrestrial forces are secretly controlling the finance industry. Government agencies have not denied these explosive claims.,FAKE
Government announces new tax reform policy for finance sector,The government today announced a comprehensive renewable energy policy aimed at improving the agriculture sector. Officials stated that the plan will be implemented over the next 26 months following consultations with industry experts and stakeholders.,REAL
GlobalBank reports 17% increase in quarterly revenue,GlobalBank released its quarterly earnings report showing a 37% increase in revenue compared to the previous quarter. Analysts attribute the growth to strong performance in the transportation division and improved operational efficiency.,REAL
Government announces new tax reform policy for transportation sector,The government today announced a comprehensive renewable energy policy aimed at improving the energy sector. Officials stated that the plan will be implemented over the next 16 months following consultations with industry experts and stakeholders.,REAL
"Miracle education cure discovered, big corporations don't want you to know","A little-known finance remedy has been curing people overnight, but corporations are suppressing this information to protect their profits. Doctors are furious that this simple trick actually works!",FAKE
Government announces new digital literacy policy for education sector,The government today announced a comprehensive renewable energy policy aimed at improving the energy sector. Officials stated that the plan will be implemented over the next 29 months following consultations with industry experts and stakeholders.,REAL
Scientists discover new method to improve energy efficiency,Researchers at a leading university published a study describing a new method to improve efficiency in the transportation sector. The peer-reviewed findings were presented at an international conference and have been welcomed by experts in the field.,REAL
Hillcrest city council approves budget for agriculture infrastructure,"The Riverside city council voted to approve a new budget allocation for education infrastructure development. The plan includes funding for maintenance, upgrades, and new projects over the next fiscal year.",REAL
"Health officials confirm 33 new cases, urge continued caution",Health department officials confirmed 17 new cases in the region this week. Officials continue to urge residents to follow standard health guidelines and stay informed through official government channels.,REAL
TechCorp reports 4% increase in quarterly revenue,GlobalBank released its quarterly earnings report showing a 11% increase in revenue compared to the previous quarter. Analysts attribute the growth to strong performance in the healthcare division and improved operational efficiency.,REAL
Government announces new digital literacy policy for transportation sector,The government today announced a comprehensive tax reform policy aimed at improving the energy sector. Officials stated that the plan will be implemented over the next 25 months following consultations with industry experts and stakeholders.,REAL
"BREAKING: Government secretly planning to fake the moon landing footage, insiders reveal",An anonymous insider has leaked shocking documents proving the government is secretly planning to fake the moon landing footage. Mainstream media refuses to cover this story. Wake up and share before it's too late!,FAKE
Scientists discover new method to improve agriculture efficiency,Researchers at a leading university published a study describing a new method to improve efficiency in the healthcare sector. The peer-reviewed findings were presented at an international conference and have been welcomed by experts in the field.,REAL
"Miracle healthcare cure discovered, big corporations don't want you to know","A little-known finance remedy has been curing people overnight, but corporations are suppressing this information to protect their profits. Doctors are furious that this simple trick actually works!",FAKE
"BREAKING: Government secretly planning to hide a secret cure, insiders reveal",An anonymous insider has leaked shocking documents proving the government is secretly planning to hide a secret cure. Mainstream media refuses to cover this story. Wake up and share before it's too late!,FAKE
Government announces new renewable energy policy for finance sector,The government today announced a comprehensive tax reform policy aimed at improving the finance sector. Officials stated that the plan will be implemented over the next 8 months following consultations with industry experts and stakeholders.,REAL
InnovateInc reports 14% increase in quarterly revenue,MegaRetail released its quarterly earnings report showing a 35% increase in revenue compared to the previous quarter. Analysts attribute the growth to strong performance in the agriculture division and improved operational efficiency.,REAL
Government announces new tax reform policy for agriculture sector,The government today announced a comprehensive digital literacy policy aimed at improving the transportation sector. Officials stated that the plan will be implemented over the next 27 months following consultations with industry experts and stakeholders.,REAL
"Miracle transportation cure discovered, big corporations don't want you to know","A little-known education remedy has been curing people overnight, but corporations are suppressing this information to protect their profits. Doctors are furious that this simple trick actually works!",FAKE
"BREAKING: Government secretly planning to spy on citizens, insiders reveal",An anonymous insider has leaked shocking documents proving the government is secretly planning to spy on citizens. Mainstream media refuses to cover this story. Wake up and share before it's too late!,FAKE
Lakeside city council approves budget for agriculture infrastructure,"The Fairview city council voted to approve a new budget allocation for finance infrastructure development. The plan includes funding for maintenance, upgrades, and new projects over the next fiscal year.",REAL
PowerGrid Ltd reports 2% increase in quarterly revenue,MegaRetail released its quarterly earnings report showing a 9% increase in revenue compared to the previous quarter. Analysts attribute the growth to strong performance in the education division and improved operational efficiency.,REAL
Hillcrest city council approves budget for energy infrastructure,"The Springfield city council voted to approve a new budget allocation for transportation infrastructure development. The plan includes funding for maintenance, upgrades, and new projects over the next fiscal year.",REAL
"Aliens confirmed to be behind agriculture conspiracy, whistleblower says",A self-proclaimed whistleblower has come forward claiming that extraterrestrial forces are secretly controlling the transportation industry. Government agencies have not denied these explosive claims.,FAKE
"Health officials confirm 2 new cases, urge continued caution",Health department officials confirmed 23 new cases in the region this week. Officials continue to urge residents to follow standard health guidelines and stay informed through official government channels.,REAL
"Miracle education cure discovered, big corporations don't want you to know","A little-known education remedy has been curing people overnight, but corporations are suppressing this information to protect their profits. Doctors are furious that this simple trick actually works!",FAKE
"Health officials confirm 15 new cases, urge continued caution",Health department officials confirmed 10 new cases in the region this week. Officials continue to urge residents to follow standard health guidelines and stay informed through official government channels.,REAL
"Miracle education cure discovered, big corporations don't want you to know","A little-known finance remedy has been curing people overnight, but corporations are suppressing this information to protect their profits. Doctors are furious that this simple trick actually works!",FAKE
"a famous actor caught in massive scandal, sources say it's worse than reported",Multiple unnamed sources claim a top singer is involved in a scandal far bigger than anyone imagined. The truth is being hidden from you. This is the story they don't want going viral!,FAKE
"Aliens confirmed to be behind transportation conspiracy, whistleblower says",A self-proclaimed whistleblower has come forward claiming that extraterrestrial forces are secretly controlling the energy industry. Government agencies have not denied these explosive claims.,FAKE
Fairview city council approves budget for education infrastructure,"The Lakeside city council voted to approve a new budget allocation for finance infrastructure development. The plan includes funding for maintenance, upgrades, and new projects over the next fiscal year.",REAL
Scientists discover new method to improve transportation efficiency,Researchers at a leading university published a study describing a new method to improve efficiency in the energy sector. The peer-reviewed findings were presented at an international conference and have been welcomed by experts in the field.,REAL
"BREAKING: Government secretly planning to spy on citizens, insiders reveal",An anonymous insider has leaked shocking documents proving the government is secretly planning to fake the moon landing footage. Mainstream media refuses to cover this story. Wake up and share before it's too late!,FAKE
"SHOCKING: a popular influencer secretly reveals fake the moon landing footage, doctors HATE this",You won't believe what a top singer just admitted! Sources close to the star claim that fake the moon landing footage has been hidden from the public for years. Share this before it gets DELETED by the mainstream media!,FAKE
Scientists discover new method to improve healthcare efficiency,Researchers at a leading university published a study describing a new method to improve efficiency in the healthcare sector. The peer-reviewed findings were presented at an international conference and have been welcomed by experts in the field.,REAL
"Health officials confirm 4 new cases, urge continued caution",Health department officials confirmed 10 new cases in the region this week. Officials continue to urge residents to follow standard health guidelines and stay informed through official government channels.,REAL
"Aliens confirmed to be behind healthcare conspiracy, whistleblower says",A self-proclaimed whistleblower has come forward claiming that extraterrestrial forces are secretly controlling the education industry. Government agencies have not denied these explosive claims.,FAKE
"Aliens confirmed to be behind healthcare conspiracy, whistleblower says",A self-proclaimed whistleblower has come forward claiming that extraterrestrial forces are secretly controlling the energy industry. Government agencies have not denied these explosive claims.,FAKE
"a popular influencer caught in massive scandal, sources say it's worse than reported",Multiple unnamed sources claim a top singer is involved in a scandal far bigger than anyone imagined. The truth is being hidden from you. This is the story they don't want going viral!,FAKE
"SHOCKING: a well-known athlete secretly reveals fake the moon landing footage, doctors HATE this",You won't believe what a top singer just admitted! Sources close to the star claim that fake the moon landing footage has been hidden from the public for years. Share this before it gets DELETED by the mainstream media!,FAKE
"Miracle finance cure discovered, big corporations don't want you to know","A little-known healthcare remedy has been curing people overnight, but corporations are suppressing this information to protect their profits. Doctors are furious that this simple trick actually works!",FAKE
Scientists discover new method to improve transportation efficiency,Researchers at a leading university published a study describing a new method to improve efficiency in the healthcare sector. The peer-reviewed findings were presented at an international conference and have been welcomed by experts in the field.,REAL
Lakeside city council approves budget for energy infrastructure,"The Hillcrest city council voted to approve a new budget allocation for finance infrastructure development. The plan includes funding for maintenance, upgrades, and new projects over the next fiscal year.",REAL
GlobalBank reports 26% increase in quarterly revenue,InnovateInc released its quarterly earnings report showing a 28% increase in revenue compared to the previous quarter. Analysts attribute the growth to strong performance in the agriculture division and improved operational efficiency.,REAL
"a popular influencer caught in massive scandal, sources say it's worse than reported",Multiple unnamed sources claim a popular influencer is involved in a scandal far bigger than anyone imagined. The truth is being hidden from you. This is the story they don't want going viral!,FAKE
"Health officials confirm 25 new cases, urge continued caution",Health department officials confirmed 28 new cases in the region this week. Officials continue to urge residents to follow standard health guidelines and stay informed through official government channels.,REAL
Riverside city council approves budget for healthcare infrastructure,"The Lakeside city council voted to approve a new budget allocation for agriculture infrastructure development. The plan includes funding for maintenance, upgrades, and new projects over the next fiscal year.",REAL
"Aliens confirmed to be behind transportation conspiracy, whistleblower says",A self-proclaimed whistleblower has come forward claiming that extraterrestrial forces are secretly controlling the healthcare industry. Government agencies have not denied these explosive claims.,FAKE
PowerGrid Ltd reports 38% increase in quarterly revenue,GlobalBank released its quarterly earnings report showing a 28% increase in revenue compared to the previous quarter. Analysts attribute the growth to strong performance in the agriculture division and improved operational efficiency.,REAL
"Aliens confirmed to be behind finance conspiracy, whistleblower says",A self-proclaimed whistleblower has come forward claiming that extraterrestrial forces are secretly controlling the agriculture industry. Government agencies have not denied these explosive claims.,FAKE
"Health officials confirm 27 new cases, urge continued caution",Health department officials confirmed 33 new cases in the region this week. Officials continue to urge residents to follow standard health guidelines and stay informed through official government channels.,REAL
"Health officials confirm 8 new cases, urge continued caution",Health department officials confirmed 13 new cases in the region this week. Officials continue to urge residents to follow standard health guidelines and stay informed through official government channels.,REAL
"a famous actor caught in massive scandal, sources say it's worse than reported",Multiple unnamed sources claim a popular influencer is involved in a scandal far bigger than anyone imagined. The truth is being hidden from you. This is the story they don't want going viral!,FAKE
Fairview city council approves budget for healthcare infrastructure,"The Hillcrest city council voted to approve a new budget allocation for transportation infrastructure development. The plan includes funding for maintenance, upgrades, and new projects over the next fiscal year.",REAL
Scientists discover new method to improve transportation efficiency,Researchers at a leading university published a study describing a new method to improve efficiency in the agriculture sector. The peer-reviewed findings were presented at an international conference and have been welcomed by experts in the field.,REAL
"a well-known athlete caught in massive scandal, sources say it's worse than reported",Multiple unnamed sources claim a famous actor is involved in a scandal far bigger than anyone imagined. The truth is being hidden from you. This is the story they don't want going viral!,FAKE
"SHOCKING: a famous actor secretly reveals control the weather, doctors HATE this",You won't believe what a well-known athlete just admitted! Sources close to the star claim that hide a secret cure has been hidden from the public for years. Share this before it gets DELETED by the mainstream media!,FAKE
Scientists discover new method to improve transportation efficiency,Researchers at a leading university published a study describing a new method to improve efficiency in the education sector. The peer-reviewed findings were presented at an international conference and have been welcomed by experts in the field.,REAL
"a popular influencer caught in massive scandal, sources say it's worse than reported",Multiple unnamed sources claim a popular influencer is involved in a scandal far bigger than anyone imagined. The truth is being hidden from you. This is the story they don't want going viral!,FAKE
GlobalBank reports 37% increase in quarterly revenue,TechCorp released its quarterly earnings report showing a 3% increase in revenue compared to the previous quarter. Analysts attribute the growth to strong performance in the agriculture division and improved operational efficiency.,REAL
"BREAKING: Government secretly planning to spy on citizens, insiders reveal",An anonymous insider has leaked shocking documents proving the government is secretly planning to control the weather. Mainstream media refuses to cover this story. Wake up and share before it's too late!,FAKE
Government announces new housing policy for agriculture sector,The government today announced a comprehensive housing policy aimed at improving the transportation sector. Officials stated that the plan will be implemented over the next 33 months following consultations with industry experts and stakeholders.,REAL
"a top singer caught in massive scandal, sources say it's worse than reported",Multiple unnamed sources claim a top singer is involved in a scandal far bigger than anyone imagined. The truth is being hidden from you. This is the story they don't want going viral!,FAKE
Fairview city council approves budget for finance infrastructure,"The Lakeside city council voted to approve a new budget allocation for education infrastructure development. The plan includes funding for maintenance, upgrades, and new projects over the next fiscal year.",REAL
"Aliens confirmed to be behind energy conspiracy, whistleblower says",A self-proclaimed whistleblower has come forward claiming that extraterrestrial forces are secretly controlling the energy industry. Government agencies have not denied these explosive claims.,FAKE
"Aliens confirmed to be behind transportation conspiracy, whistleblower says",A self-proclaimed whistleblower has come forward claiming that extraterrestrial forces are secretly controlling the healthcare industry. Government agencies have not denied these explosive claims.,FAKE
Scientists discover new method to improve finance efficiency,Researchers at a leading university published a study describing a new method to improve efficiency in the finance sector. The peer-reviewed findings were presented at an international conference and have been welcomed by experts in the field.,REAL
"SHOCKING: a well-known athlete secretly reveals fake the moon landing footage, doctors HATE this",You won't believe what a famous actor just admitted! Sources close to the star claim that control the weather has been hidden from the public for years. Share this before it gets DELETED by the mainstream media!,FAKE
Springfield city council approves budget for transportation infrastructure,"The Lakeside city council voted to approve a new budget allocation for transportation infrastructure development. The plan includes funding for maintenance, upgrades, and new projects over the next fiscal year.",REAL
Government announces new housing policy for transportation sector,The government today announced a comprehensive digital literacy policy aimed at improving the education sector. Officials stated that the plan will be implemented over the next 5 months following consultations with industry experts and stakeholders.,REAL
"Miracle transportation cure discovered, big corporations don't want you to know","A little-known finance remedy has been curing people overnight, but corporations are suppressing this information to protect their profits. Doctors are furious that this simple trick actually works!",FAKE
InnovateInc reports 17% increase in quarterly revenue,PowerGrid Ltd released its quarterly earnings report showing a 37% increase in revenue compared to the previous quarter. Analysts attribute the growth to strong performance in the agriculture division and improved operational efficiency.,REAL
TechCorp reports 39% increase in quarterly revenue,MegaRetail released its quarterly earnings report showing a 26% increase in revenue compared to the previous quarter. Analysts attribute the growth to strong performance in the finance division and improved operational efficiency.,REAL
"Health officials confirm 26 new cases, urge continued caution",Health department officials confirmed 2 new cases in the region this week. Officials continue to urge residents to follow standard health guidelines and stay informed through official government channels.,REAL
"a popular influencer caught in massive scandal, sources say it's worse than reported",Multiple unnamed sources claim a popular influencer is involved in a scandal far bigger than anyone imagined. The truth is being hidden from you. This is the story they don't want going viral!,FAKE
"Miracle agriculture cure discovered, big corporations don't want you to know","A little-known transportation remedy has been curing people overnight, but corporations are suppressing this information to protect their profits. Doctors are furious that this simple trick actually works!",FAKE
"a famous actor caught in massive scandal, sources say it's worse than reported",Multiple unnamed sources claim a well-known athlete is involved in a scandal far bigger than anyone imagined. The truth is being hidden from you. This is the story they don't want going viral!,FAKE
"a well-known athlete caught in massive scandal, sources say it's worse than reported",Multiple unnamed sources claim a top singer is involved in a scandal far bigger than anyone imagined. The truth is being hidden from you. This is the story they don't want going viral!,FAKE
InnovateInc reports 10% increase in quarterly revenue,PowerGrid Ltd released its quarterly earnings report showing a 3% increase in revenue compared to the previous quarter. Analysts attribute the growth to strong performance in the healthcare division and improved operational efficiency.,REAL
"Miracle energy cure discovered, big corporations don't want you to know","A little-known education remedy has been curing people overnight, but corporations are suppressing this information to protect their profits. Doctors are furious that this simple trick actually works!",FAKE
Springfield city council approves budget for agriculture infrastructure,"The Fairview city council voted to approve a new budget allocation for transportation infrastructure development. The plan includes funding for maintenance, upgrades, and new projects over the next fiscal year.",REAL
"Miracle transportation cure discovered, big corporations don't want you to know","A little-known education remedy has been curing people overnight, but corporations are suppressing this information to protect their profits. Doctors are furious that this simple trick actually works!",FAKE
PowerGrid Ltd reports 6% increase in quarterly revenue,InnovateInc released its quarterly earnings report showing a 16% increase in revenue compared to the previous quarter. Analysts attribute the growth to strong performance in the education division and improved operational efficiency.,REAL
Government announces new digital literacy policy for energy sector,The government today announced a comprehensive public transport policy aimed at improving the finance sector. Officials stated that the plan will be implemented over the next 20 months following consultations with industry experts and stakeholders.,REAL
"Miracle agriculture cure discovered, big corporations don't want you to know","A little-known healthcare remedy has been curing people overnight, but corporations are suppressing this information to protect their profits. Doctors are furious that this simple trick actually works!",FAKE
"Health officials confirm 28 new cases, urge continued caution",Health department officials confirmed 26 new cases in the region this week. Officials continue to urge residents to follow standard health guidelines and stay informed through official government channels.,REAL
"Miracle energy cure discovered, big corporations don't want you to know","A little-known education remedy has been curing people overnight, but corporations are suppressing this information to protect their profits. Doctors are furious that this simple trick actually works!",FAKE
"BREAKING: Government secretly planning to control the weather, insiders reveal",An anonymous insider has leaked shocking documents proving the government is secretly planning to fake the moon landing footage. Mainstream media refuses to cover this story. Wake up and share before it's too late!,FAKE
"BREAKING: Government secretly planning to control the weather, insiders reveal",An anonymous insider has leaked shocking documents proving the government is secretly planning to control the stock market. Mainstream media refuses to cover this story. Wake up and share before it's too late!,FAKE
InnovateInc reports 12% increase in quarterly revenue,TechCorp released its quarterly earnings report showing a 30% increase in revenue compared to the previous quarter. Analysts attribute the growth to strong performance in the transportation division and improved operational efficiency.,REAL
"Miracle agriculture cure discovered, big corporations don't want you to know","A little-known education remedy has been curing people overnight, but corporations are suppressing this information to protect their profits. Doctors are furious that this simple trick actually works!",FAKE
InnovateInc reports 6% increase in quarterly revenue,PowerGrid Ltd released its quarterly earnings report showing a 22% increase in revenue compared to the previous quarter. Analysts attribute the growth to strong performance in the transportation division and improved operational efficiency.,REAL
"SHOCKING: a well-known athlete secretly reveals control the stock market, doctors HATE this",You won't believe what a well-known athlete just admitted! Sources close to the star claim that control the weather has been hidden from the public for years. Share this before it gets DELETED by the mainstream media!,FAKE
Springfield city council approves budget for finance infrastructure,"The Springfield city council voted to approve a new budget allocation for healthcare infrastructure development. The plan includes funding for maintenance, upgrades, and new projects over the next fiscal year.",REAL
"SHOCKING: a well-known athlete secretly reveals control the weather, doctors HATE this",You won't believe what a well-known athlete just admitted! Sources close to the star claim that hide a secret cure has been hidden from the public for years. Share this before it gets DELETED by the mainstream media!,FAKE
Government announces new renewable energy policy for transportation sector,The government today announced a comprehensive tax reform policy aimed at improving the energy sector. Officials stated that the plan will be implemented over the next 7 months following consultations with industry experts and stakeholders.,REAL
"Aliens confirmed to be behind agriculture conspiracy, whistleblower says",A self-proclaimed whistleblower has come forward claiming that extraterrestrial forces are secretly controlling the energy industry. Government agencies have not denied these explosive claims.,FAKE
"a well-known athlete caught in massive scandal, sources say it's worse than reported",Multiple unnamed sources claim a famous actor is involved in a scandal far bigger than anyone imagined. The truth is being hidden from you. This is the story they don't want going viral!,FAKE
"a popular influencer caught in massive scandal, sources say it's worse than reported",Multiple unnamed sources claim a popular influencer is involved in a scandal far bigger than anyone imagined. The truth is being hidden from you. This is the story they don't want going viral!,FAKE
"SHOCKING: a well-known athlete secretly reveals hide a secret cure, doctors HATE this",You won't believe what a well-known athlete just admitted! Sources close to the star claim that control the stock market has been hidden from the public for years. Share this before it gets DELETED by the mainstream media!,FAKE
Fairview city council approves budget for finance infrastructure,"The Lakeside city council voted to approve a new budget allocation for finance infrastructure development. The plan includes funding for maintenance, upgrades, and new projects over the next fiscal year.",REAL
"a top singer caught in massive scandal, sources say it's worse than reported",Multiple unnamed sources claim a famous actor is involved in a scandal far bigger than anyone imagined. The truth is being hidden from you. This is the story they don't want going viral!,FAKE
PowerGrid Ltd reports 24% increase in quarterly revenue,InnovateInc released its quarterly earnings report showing a 27% increase in revenue compared to the previous quarter. Analysts attribute the growth to strong performance in the healthcare division and improved operational efficiency.,REAL
InnovateInc reports 13% increase in quarterly revenue,TechCorp released its quarterly earnings report showing a 12% increase in revenue compared to the previous quarter. Analysts attribute the growth to strong performance in the transportation division and improved operational efficiency.,REAL
Scientists discover new method to improve finance efficiency,Researchers at a leading university published a study describing a new method to improve efficiency in the healthcare sector. The peer-reviewed findings were presented at an international conference and have been welcomed by experts in the field.,REAL
GlobalBank reports 7% increase in quarterly revenue,GlobalBank released its quarterly earnings report showing a 6% increase in revenue compared to the previous quarter. Analysts attribute the growth to strong performance in the energy division and improved operational efficiency.,REAL
InnovateInc reports 31% increase in quarterly revenue,TechCorp released its quarterly earnings report showing a 4% increase in revenue compared to the previous quarter. Analysts attribute the growth to strong performance in the education division and improved operational efficiency.,REAL
"Miracle agriculture cure discovered, big corporations don't want you to know","A little-known energy remedy has been curing people overnight, but corporations are suppressing this information to protect their profits. Doctors are furious that this simple trick actually works!",FAKE
Scientists discover new method to improve education efficiency,Researchers at a leading university published a study describing a new method to improve efficiency in the agriculture sector. The peer-reviewed findings were presented at an international conference and have been welcomed by experts in the field.,REAL
"Aliens confirmed to be behind energy conspiracy, whistleblower says",A self-proclaimed whistleblower has come forward claiming that extraterrestrial forces are secretly controlling the agriculture industry. Government agencies have not denied these explosive claims.,FAKE
"Aliens confirmed to be behind agriculture conspiracy, whistleblower says",A self-proclaimed whistleblower has come forward claiming that extraterrestrial forces are secretly controlling the education industry. Government agencies have not denied these explosive claims.,FAKE
"BREAKING: Government secretly planning to control the weather, insiders reveal",An anonymous insider has leaked shocking documents proving the government is secretly planning to fake the moon landing footage. Mainstream media refuses to cover this story. Wake up and share before it's too late!,FAKE
Government announces new tax reform policy for healthcare sector,The government today announced a comprehensive renewable energy policy aimed at improving the education sector. Officials stated that the plan will be implemented over the next 38 months following consultations with industry experts and stakeholders.,REAL
Fairview city council approves budget for energy infrastructure,"The Springfield city council voted to approve a new budget allocation for education infrastructure development. The plan includes funding for maintenance, upgrades, and new projects over the next fiscal year.",REAL
"Aliens confirmed to be behind transportation conspiracy, whistleblower says",A self-proclaimed whistleblower has come forward claiming that extraterrestrial forces are secretly controlling the energy industry. Government agencies have not denied these explosive claims.,FAKE
InnovateInc reports 8% increase in quarterly revenue,GlobalBank released its quarterly earnings report showing a 11% increase in revenue compared to the previous quarter. Analysts attribute the growth to strong performance in the energy division and improved operational efficiency.,REAL
Fairview city council approves budget for education infrastructure,"The Lakeside city council voted to approve a new budget allocation for agriculture infrastructure development. The plan includes funding for maintenance, upgrades, and new projects over the next fiscal year.",REAL
"BREAKING: Government secretly planning to control the stock market, insiders reveal",An anonymous insider has leaked shocking documents proving the government is secretly planning to control the stock market. Mainstream media refuses to cover this story. Wake up and share before it's too late!,FAKE
"Miracle energy cure discovered, big corporations don't want you to know","A little-known energy remedy has been curing people overnight, but corporations are suppressing this information to protect their profits. Doctors are furious that this simple trick actually works!",FAKE
"SHOCKING: a popular influencer secretly reveals fake the moon landing footage, doctors HATE this",You won't believe what a well-known athlete just admitted! Sources close to the star claim that hide a secret cure has been hidden from the public for years. Share this before it gets DELETED by the mainstream media!,FAKE
"Miracle education cure discovered, big corporations don't want you to know","A little-known transportation remedy has been curing people overnight, but corporations are suppressing this information to protect their profits. Doctors are furious that this simple trick actually works!",FAKE
"Miracle transportation cure discovered, big corporations don't want you to know","A little-known energy remedy has been curing people overnight, but corporations are suppressing this information to protect their profits. Doctors are furious that this simple trick actually works!",FAKE
"Health officials confirm 14 new cases, urge continued caution",Health department officials confirmed 23 new cases in the region this week. Officials continue to urge residents to follow standard health guidelines and stay informed through official government channels.,REAL
"Aliens confirmed to be behind finance conspiracy, whistleblower says",A self-proclaimed whistleblower has come forward claiming that extraterrestrial forces are secretly controlling the agriculture industry. Government agencies have not denied these explosive claims.,FAKE
"a well-known athlete caught in massive scandal, sources say it's worse than reported",Multiple unnamed sources claim a famous actor is involved in a scandal far bigger than anyone imagined. The truth is being hidden from you. This is the story they don't want going viral!,FAKE
Hillcrest city council approves budget for agriculture infrastructure,"The Hillcrest city council voted to approve a new budget allocation for energy infrastructure development. The plan includes funding for maintenance, upgrades, and new projects over the next fiscal year.",REAL
"SHOCKING: a top singer secretly reveals fake the moon landing footage, doctors HATE this",You won't believe what a popular influencer just admitted! Sources close to the star claim that control the weather has been hidden from the public for years. Share this before it gets DELETED by the mainstream media!,FAKE
MegaRetail reports 3% increase in quarterly revenue,TechCorp released its quarterly earnings report showing a 3% increase in revenue compared to the previous quarter. Analysts attribute the growth to strong performance in the finance division and improved operational efficiency.,REAL
"a famous actor caught in massive scandal, sources say it's worse than reported",Multiple unnamed sources claim a popular influencer is involved in a scandal far bigger than anyone imagined. The truth is being hidden from you. This is the story they don't want going viral!,FAKE
"a well-known athlete caught in massive scandal, sources say it's worse than reported",Multiple unnamed sources claim a famous actor is involved in a scandal far bigger than anyone imagined. The truth is being hidden from you. This is the story they don't want going viral!,FAKE
"Miracle transportation cure discovered, big corporations don't want you to know","A little-known agriculture remedy has been curing people overnight, but corporations are suppressing this information to protect their profits. Doctors are furious that this simple trick actually works!",FAKE
"SHOCKING: a well-known athlete secretly reveals control the stock market, doctors HATE this",You won't believe what a well-known athlete just admitted! Sources close to the star claim that control the weather has been hidden from the public for years. Share this before it gets DELETED by the mainstream media!,FAKE
"Aliens confirmed to be behind energy conspiracy, whistleblower says",A self-proclaimed whistleblower has come forward claiming that extraterrestrial forces are secretly controlling the transportation industry. Government agencies have not denied these explosive claims.,FAKE
"Health officials confirm 29 new cases, urge continued caution",Health department officials confirmed 7 new cases in the region this week. Officials continue to urge residents to follow standard health guidelines and stay informed through official government channels.,REAL
"Miracle energy cure discovered, big corporations don't want you to know","A little-known transportation remedy has been curing people overnight, but corporations are suppressing this information to protect their profits. Doctors are furious that this simple trick actually works!",FAKE
"SHOCKING: a top singer secretly reveals spy on citizens, doctors HATE this",You won't believe what a top singer just admitted! Sources close to the star claim that hide a secret cure has been hidden from the public for years. Share this before it gets DELETED by the mainstream media!,FAKE
Scientists discover new method to improve finance efficiency,Researchers at a leading university published a study describing a new method to improve efficiency in the education sector. The peer-reviewed findings were presented at an international conference and have been welcomed by experts in the field.,REAL
"SHOCKING: a top singer secretly reveals control the weather, doctors HATE this",You won't believe what a popular influencer just admitted! Sources close to the star claim that fake the moon landing footage has been hidden from the public for years. Share this before it gets DELETED by the mainstream media!,FAKE
"a well-known athlete caught in massive scandal, sources say it's worse than reported",Multiple unnamed sources claim a famous actor is involved in a scandal far bigger than anyone imagined. The truth is being hidden from you. This is the story they don't want going viral!,FAKE
"a popular influencer caught in massive scandal, sources say it's worse than reported",Multiple unnamed sources claim a top singer is involved in a scandal far bigger than anyone imagined. The truth is being hidden from you. This is the story they don't want going viral!,FAKE
"a famous actor caught in massive scandal, sources say it's worse than reported",Multiple unnamed sources claim a top singer is involved in a scandal far bigger than anyone imagined. The truth is being hidden from you. This is the story they don't want going viral!,FAKE
"Miracle energy cure discovered, big corporations don't want you to know","A little-known education remedy has been curing people overnight, but corporations are suppressing this information to protect their profits. Doctors are furious that this simple trick actually works!",FAKE
Government announces new tax reform policy for healthcare sector,The government today announced a comprehensive housing policy aimed at improving the energy sector. Officials stated that the plan will be implemented over the next 16 months following consultations with industry experts and stakeholders.,REAL
"Aliens confirmed to be behind healthcare conspiracy, whistleblower says",A self-proclaimed whistleblower has come forward claiming that extraterrestrial forces are secretly controlling the education industry. Government agencies have not denied these explosive claims.,FAKE
"Health officials confirm 33 new cases, urge continued caution",Health department officials confirmed 16 new cases in the region this week. Officials continue to urge residents to follow standard health guidelines and stay informed through official government channels.,REAL
Government announces new housing policy for education sector,The government today announced a comprehensive housing policy aimed at improving the healthcare sector. Officials stated that the plan will be implemented over the next 28 months following consultations with industry experts and stakeholders.,REAL
"a well-known athlete caught in massive scandal, sources say it's worse than reported",Multiple unnamed sources claim a well-known athlete is involved in a scandal far bigger than anyone imagined. The truth is being hidden from you. This is the story they don't want going viral!,FAKE
Scientists discover new method to improve transportation efficiency,Researchers at a leading university published a study describing a new method to improve efficiency in the healthcare sector. The peer-reviewed findings were presented at an international conference and have been welcomed by experts in the field.,REAL
"Health officials confirm 20 new cases, urge continued caution",Health department officials confirmed 33 new cases in the region this week. Officials continue to urge residents to follow standard health guidelines and stay informed through official government channels.,REAL
Scientists discover new method to improve finance efficiency,Researchers at a leading university published a study describing a new method to improve efficiency in the healthcare sector. The peer-reviewed findings were presented at an international conference and have been welcomed by experts in the field.,REAL
"SHOCKING: a top singer secretly reveals control the weather, doctors HATE this",You won't believe what a top singer just admitted! Sources close to the star claim that fake the moon landing footage has been hidden from the public for years. Share this before it gets DELETED by the mainstream media!,FAKE
"Aliens confirmed to be behind energy conspiracy, whistleblower says",A self-proclaimed whistleblower has come forward claiming that extraterrestrial forces are secretly controlling the healthcare industry. Government agencies have not denied these explosive claims.,FAKE
